{"stats":{"minecraft:killed_by":{"minecraft:drowned":1,"minecraft:skeleton":1,"minecraft:spider":2,"minecraft:zombie":1},"minecraft:dropped":{"minecraft:dirt":3,"minecraft:sugar_cane":1,"minecraft:wheat_seeds":2,"minecraft:acacia_log":1,"minecraft:emerald":2},"minecraft:picked_up":{"minecraft:dark_oak_door":2,"minecraft:crafting_table":3,"minecraft:leather":2,"minecraft:acacia_log":17,"minecraft:porkchop":1,"minecraft:white_bed":1,"minecraft:dirt":20,"minecraft:wheat_seeds":5,"minecraft:beef":5,"minecraft:emerald":2,"minecraft:sugar_cane":6,"minecraft:mutton":8,"minecraft:coal":4,"minecraft:white_wool":5,"minecraft:cobblestone":6},"minecraft:used":{"minecraft:stone_sword":43,"minecraft:acacia_log":1,"minecraft:stone_pickaxe":5,"minecraft:wooden_pickaxe":5,"minecraft:dirt":17,"minecraft:mutton":6,"minecraft:beef":5,"minecraft:crafting_table":3,"minecraft:porkchop":1,"minecraft:white_bed":1,"minecraft:dark_oak_door":2},"minecraft:mined":{"minecraft:white_bed":1,"minecraft:dark_oak_door":2,"minecraft:crafting_table":3,"minecraft:short_grass":61,"minecraft:acacia_log":16,"minecraft:grass_block":14,"minecraft:coal_ore":4,"minecraft:dirt":5,"minecraft:stone":6,"minecraft:sugar_cane":3},"minecraft:killed":{"minecraft:sheep":5,"minecraft:donkey":1,"minecraft:pig":1,"minecraft:cow":3},"minecraft:custom":{"minecraft:time_since_rest":83,"minecraft:sprint_one_cm":99256,"minecraft:damage_taken":1415,"minecraft:walk_one_cm":86666,"minecraft:mob_kills":10,"minecraft:drop":9,"minecraft:damage_dealt":1326,"minecraft:interact_with_crafting_table":4,"minecraft:swim_one_cm":45135,"minecraft:fly_one_cm":88141,"minecraft:open_chest":6,"minecraft:crouch_one_cm":168,"minecraft:play_time":56435,"minecraft:deaths":5,"minecraft:sneak_time":52,"minecraft:walk_under_water_one_cm":28242,"minecraft:jump":773,"minecraft:leave_game":4,"minecraft:time_since_death":50,"minecraft:walk_on_water_one_cm":54427,"minecraft:sleep_in_bed":1,"minecraft:total_world_time":56435,"minecraft:climb_one_cm":0,"minecraft:fall_one_cm":23569,"minecraft:horse_one_cm":5864},"minecraft:crafted":{"minecraft:wooden_sword":1,"minecraft:crafting_table":1,"minecraft:stick":8,"minecraft:wooden_pickaxe":1,"minecraft:stone_pickaxe":1,"minecraft:stone_sword":1,"minecraft:white_bed":1,"minecraft:acacia_planks":24}},"DataVersion":3700}